<?xml version="1.0" encoding="UTF-8"?><?xml-stylesheet type='text/xsl' href='_UpgradeReport_Files/UpgradeReport.xslt'?><UpgradeLog>
<Properties><Property Name="Solution" Value="TestWizard">
</Property><Property Name="Solution File" Value="C:\Users\tylermenezes\Documents\Visual Studio 2010\Projects\CredentialManager\CredentialManager\TestWizard\TestWizard.sln">
</Property><Property Name="Date" Value="Tuesday, March 01, 2011">
</Property><Property Name="Time" Value="2:10 AM">
</Property></Properties><Event ErrorLevel="0" Project="" Source="TestWizard.sln" Description="File successfully backed up as C:\Users\tylermenezes\Documents\Visual Studio 2010\Projects\CredentialManager\CredentialManager\TestWizard\Backup\TestWizard.sln">
</Event><Event ErrorLevel="0" Project="TestWizard" Source="TestWizard.csproj" Description="Project file successfully backed up as C:\Users\tylermenezes\Documents\Visual Studio 2010\Projects\CredentialManager\CredentialManager\TestWizard\Backup\TestWizard.csproj">
</Event><Event ErrorLevel="0" Project="TestWizard" Source="AssemblyInfo.cs" Description="File successfully backed up as C:\Users\tylermenezes\Documents\Visual Studio 2010\Projects\CredentialManager\CredentialManager\TestWizard\Backup\AssemblyInfo.cs">
</Event><Event ErrorLevel="0" Project="TestWizard" Source="CompletePage.cs" Description="File successfully backed up as C:\Users\tylermenezes\Documents\Visual Studio 2010\Projects\CredentialManager\CredentialManager\TestWizard\Backup\CompletePage.cs">
</Event><Event ErrorLevel="0" Project="TestWizard" Source="MiddlePage.cs" Description="File successfully backed up as C:\Users\tylermenezes\Documents\Visual Studio 2010\Projects\CredentialManager\CredentialManager\TestWizard\Backup\MiddlePage.cs">
</Event><Event ErrorLevel="0" Project="TestWizard" Source="Program.cs" Description="File successfully backed up as C:\Users\tylermenezes\Documents\Visual Studio 2010\Projects\CredentialManager\CredentialManager\TestWizard\Backup\Program.cs">
</Event><Event ErrorLevel="0" Project="TestWizard" Source="TestWizardSheet.cs" Description="File successfully backed up as C:\Users\tylermenezes\Documents\Visual Studio 2010\Projects\CredentialManager\CredentialManager\TestWizard\Backup\TestWizardSheet.cs">
</Event><Event ErrorLevel="0" Project="TestWizard" Source="WelcomePage.cs" Description="File successfully backed up as C:\Users\tylermenezes\Documents\Visual Studio 2010\Projects\CredentialManager\CredentialManager\TestWizard\Backup\WelcomePage.cs">
</Event><Event ErrorLevel="0" Project="TestWizard" Source="App.ico" Description="File successfully backed up as C:\Users\tylermenezes\Documents\Visual Studio 2010\Projects\CredentialManager\CredentialManager\TestWizard\Backup\App.ico">
</Event><Event ErrorLevel="0" Project="TestWizard" Source="Bitmaps\Sidebar.bmp" Description="File successfully backed up as C:\Users\tylermenezes\Documents\Visual Studio 2010\Projects\CredentialManager\CredentialManager\TestWizard\Backup\Bitmaps\Sidebar.bmp">
</Event><Event ErrorLevel="0" Project="TestWizard" Source="CompletePage.resx" Description="File successfully backed up as C:\Users\tylermenezes\Documents\Visual Studio 2010\Projects\CredentialManager\CredentialManager\TestWizard\Backup\CompletePage.resx">
</Event><Event ErrorLevel="0" Project="TestWizard" Source="MiddlePage.resx" Description="File successfully backed up as C:\Users\tylermenezes\Documents\Visual Studio 2010\Projects\CredentialManager\CredentialManager\TestWizard\Backup\MiddlePage.resx">
</Event><Event ErrorLevel="0" Project="TestWizard" Source="TestWizardSheet.resx" Description="File successfully backed up as C:\Users\tylermenezes\Documents\Visual Studio 2010\Projects\CredentialManager\CredentialManager\TestWizard\Backup\TestWizardSheet.resx">
</Event><Event ErrorLevel="0" Project="TestWizard" Source="WelcomePage.resx" Description="File successfully backed up as C:\Users\tylermenezes\Documents\Visual Studio 2010\Projects\CredentialManager\CredentialManager\TestWizard\Backup\WelcomePage.resx">
</Event><Event ErrorLevel="1" Project="TestWizard" Source="TestWizard.csproj" Description="Your project is targeting .NET Framework 2.0 or 3.0. If your project uses assemblies requiring a newer .NET Framework, your project will fail to build. You can change the .NET Framework version by clicking Properties on the project menu and then selecting a new version in the '.NET Framework' dropdown box. (In Visual Basic, this is located on the Compile tab by clicking the 'Advanced Compiler Options...' button.)">
</Event><Event ErrorLevel="0" Project="TestWizard" Source="TestWizard.csproj" Description="Project converted successfully">
</Event><Event ErrorLevel="3" Project="TestWizard" Source="TestWizard.csproj" Description="Converted">
</Event><Event ErrorLevel="1" Project="Wizard.UI" Source="..\Wizard.UI\Wizard.UI.csproj" Description="Warning: The project file is being backed up to a relative path that differs from the original solution relative path.  The difference in folder hierarchy may create problems in opening or building the backed up solution and project.">
</Event><Event ErrorLevel="0" Project="Wizard.UI" Source="..\Wizard.UI\Wizard.UI.csproj" Description="Project file successfully backed up as C:\Users\tylermenezes\Documents\Visual Studio 2010\Projects\CredentialManager\CredentialManager\TestWizard\Backup\Wizard.UI\Wizard.UI.csproj">
</Event><Event ErrorLevel="0" Project="Wizard.UI" Source="..\Wizard.UI\Wizard.UI.csproj.user" Description="Project user file successfully backed up as C:\Users\tylermenezes\Documents\Visual Studio 2010\Projects\CredentialManager\CredentialManager\TestWizard\Backup\Wizard.UI\Wizard.UI.csproj.user">
</Event><Event ErrorLevel="0" Project="Wizard.UI" Source="..\Wizard.UI\AssemblyInfo.cs" Description="File successfully backed up as C:\Users\tylermenezes\Documents\Visual Studio 2010\Projects\CredentialManager\CredentialManager\TestWizard\Backup\Wizard.UI\AssemblyInfo.cs">
</Event><Event ErrorLevel="0" Project="Wizard.UI" Source="..\Wizard.UI\ExternalWizardPage.cs" Description="File successfully backed up as C:\Users\tylermenezes\Documents\Visual Studio 2010\Projects\CredentialManager\CredentialManager\TestWizard\Backup\Wizard.UI\ExternalWizardPage.cs">
</Event><Event ErrorLevel="0" Project="Wizard.UI" Source="..\Wizard.UI\InternalWizardPage.cs" Description="File successfully backed up as C:\Users\tylermenezes\Documents\Visual Studio 2010\Projects\CredentialManager\CredentialManager\TestWizard\Backup\Wizard.UI\InternalWizardPage.cs">
</Event><Event ErrorLevel="0" Project="Wizard.UI" Source="..\Wizard.UI\WizardBanner.cs" Description="File successfully backed up as C:\Users\tylermenezes\Documents\Visual Studio 2010\Projects\CredentialManager\CredentialManager\TestWizard\Backup\Wizard.UI\WizardBanner.cs">
</Event><Event ErrorLevel="0" Project="Wizard.UI" Source="..\Wizard.UI\WizardPage.cs" Description="File successfully backed up as C:\Users\tylermenezes\Documents\Visual Studio 2010\Projects\CredentialManager\CredentialManager\TestWizard\Backup\Wizard.UI\WizardPage.cs">
</Event><Event ErrorLevel="0" Project="Wizard.UI" Source="..\Wizard.UI\WizardPageEventArgs.cs" Description="File successfully backed up as C:\Users\tylermenezes\Documents\Visual Studio 2010\Projects\CredentialManager\CredentialManager\TestWizard\Backup\Wizard.UI\WizardPageEventArgs.cs">
</Event><Event ErrorLevel="0" Project="Wizard.UI" Source="..\Wizard.UI\WizardSheet.cs" Description="File successfully backed up as C:\Users\tylermenezes\Documents\Visual Studio 2010\Projects\CredentialManager\CredentialManager\TestWizard\Backup\Wizard.UI\WizardSheet.cs">
</Event><Event ErrorLevel="0" Project="Wizard.UI" Source="..\Wizard.UI\WizardSidebar.cs" Description="File successfully backed up as C:\Users\tylermenezes\Documents\Visual Studio 2010\Projects\CredentialManager\CredentialManager\TestWizard\Backup\Wizard.UI\WizardSidebar.cs">
</Event><Event ErrorLevel="0" Project="Wizard.UI" Source="..\Wizard.UI\Bitmaps\ExampleSidebar.bmp" Description="File successfully backed up as C:\Users\tylermenezes\Documents\Visual Studio 2010\Projects\CredentialManager\CredentialManager\TestWizard\Backup\Wizard.UI\Bitmaps\ExampleSidebar.bmp">
</Event><Event ErrorLevel="0" Project="Wizard.UI" Source="..\Wizard.UI\ExternalWizardPage.resx" Description="File successfully backed up as C:\Users\tylermenezes\Documents\Visual Studio 2010\Projects\CredentialManager\CredentialManager\TestWizard\Backup\Wizard.UI\ExternalWizardPage.resx">
</Event><Event ErrorLevel="0" Project="Wizard.UI" Source="..\Wizard.UI\InternalWizardPage.resx" Description="File successfully backed up as C:\Users\tylermenezes\Documents\Visual Studio 2010\Projects\CredentialManager\CredentialManager\TestWizard\Backup\Wizard.UI\InternalWizardPage.resx">
</Event><Event ErrorLevel="0" Project="Wizard.UI" Source="..\Wizard.UI\WizardBanner.resx" Description="File successfully backed up as C:\Users\tylermenezes\Documents\Visual Studio 2010\Projects\CredentialManager\CredentialManager\TestWizard\Backup\Wizard.UI\WizardBanner.resx">
</Event><Event ErrorLevel="0" Project="Wizard.UI" Source="..\Wizard.UI\WizardPage.resx" Description="File successfully backed up as C:\Users\tylermenezes\Documents\Visual Studio 2010\Projects\CredentialManager\CredentialManager\TestWizard\Backup\Wizard.UI\WizardPage.resx">
</Event><Event ErrorLevel="0" Project="Wizard.UI" Source="..\Wizard.UI\WizardSheet.resx" Description="File successfully backed up as C:\Users\tylermenezes\Documents\Visual Studio 2010\Projects\CredentialManager\CredentialManager\TestWizard\Backup\Wizard.UI\WizardSheet.resx">
</Event><Event ErrorLevel="0" Project="Wizard.UI" Source="..\Wizard.UI\WizardSidebar.resx" Description="File successfully backed up as C:\Users\tylermenezes\Documents\Visual Studio 2010\Projects\CredentialManager\CredentialManager\TestWizard\Backup\Wizard.UI\WizardSidebar.resx">
</Event><Event ErrorLevel="0" Project="Wizard.UI" Source="..\Wizard.UI\Wizard.UI.csproj" Description="The project file does not require conversion.">
</Event><Event ErrorLevel="3" Project="Wizard.UI" Source="..\Wizard.UI\Wizard.UI.csproj" Description="No Conversion Required">
</Event><Event ErrorLevel="1" Project="Wizard.Controls" Source="..\Wizard.Controls\Wizard.Controls.csproj" Description="Warning: The project file is being backed up to a relative path that differs from the original solution relative path.  The difference in folder hierarchy may create problems in opening or building the backed up solution and project.">
</Event><Event ErrorLevel="0" Project="Wizard.Controls" Source="..\Wizard.Controls\Wizard.Controls.csproj" Description="Project file successfully backed up as C:\Users\tylermenezes\Documents\Visual Studio 2010\Projects\CredentialManager\CredentialManager\TestWizard\Backup\Wizard.Controls\Wizard.Controls.csproj">
</Event><Event ErrorLevel="0" Project="Wizard.Controls" Source="..\Wizard.Controls\Wizard.Controls.csproj.user" Description="Project user file successfully backed up as C:\Users\tylermenezes\Documents\Visual Studio 2010\Projects\CredentialManager\CredentialManager\TestWizard\Backup\Wizard.Controls\Wizard.Controls.csproj.user">
</Event><Event ErrorLevel="0" Project="Wizard.Controls" Source="..\Wizard.Controls\AssemblyInfo.cs" Description="File successfully backed up as C:\Users\tylermenezes\Documents\Visual Studio 2010\Projects\CredentialManager\CredentialManager\TestWizard\Backup\Wizard.Controls\AssemblyInfo.cs">
</Event><Event ErrorLevel="0" Project="Wizard.Controls" Source="..\Wizard.Controls\EtchedLine.cs" Description="File successfully backed up as C:\Users\tylermenezes\Documents\Visual Studio 2010\Projects\CredentialManager\CredentialManager\TestWizard\Backup\Wizard.Controls\EtchedLine.cs">
</Event><Event ErrorLevel="0" Project="Wizard.Controls" Source="..\Wizard.Controls\EtchedLine.resx" Description="File successfully backed up as C:\Users\tylermenezes\Documents\Visual Studio 2010\Projects\CredentialManager\CredentialManager\TestWizard\Backup\Wizard.Controls\EtchedLine.resx">
</Event><Event ErrorLevel="0" Project="Wizard.Controls" Source="..\Wizard.Controls\Wizard.Controls.csproj" Description="The project file does not require conversion.">
</Event><Event ErrorLevel="3" Project="Wizard.Controls" Source="..\Wizard.Controls\Wizard.Controls.csproj" Description="No Conversion Required">
</Event><Event ErrorLevel="0" Project="" Source="TestWizard.sln" Description="Solution converted successfully">
</Event><Event ErrorLevel="3" Project="" Source="TestWizard.sln" Description="Converted">
</Event><Event ErrorLevel="0" Project="TestWizard" Source="TestWizard.csproj" Description="Scan complete: Upgrade not required for project files.">
</Event></UpgradeLog>